{"0": [0.36541795143428013, 713.6730904367711], "1": [0.22453894922528217, 721.5403497137451], "2": [0.2753587650331269, 1735.5385196217599], "3": [0.21493030102021835, 588.2114690019358], "syn": [0.2642074747428172, 1440.1267149862415]}