{"1": [0.44851804471743006, 931.0387509389417], "0": [0.3341611357723671, 525.1373674844216], "3": [0.7448137334661199, 812.1336894162565], "2": [0.5762378849599806, 890.3905689403898]}