{"1": [0.44617859387136044, 943.427443891602], "0": [0.33316788912639983, 528.8256090478703], "3": [0.7415832551000597, 825.7682524265134], "2": [0.5747501270909702, 901.1165028144627]}